﻿<?xml version="1.0" encoding="utf-8"?>
<?xml-stylesheet type="text/xsl" href="c:\program files (x86)\microsoft visual studio 14.0\team tools\static analysis tools\fxcop\Xml\CodeAnalysisReport.xsl"?>
<FxCopReport Version="14.0">
 <Targets>
  <Target Name="D:\A\_work\38\s\bin\Release\Setup.VS.ConfigurationManager.dll">
   <Modules>
    <Module Name="setup.vs.configurationmanager.dll">
     <Messages>
      <Message TypeName="MarkAssembliesWithClsCompliant" Category="Microsoft.Design" CheckId="CA1014" Status="Active" Created="2016-05-04 17:30:41Z" FixCategory="NonBreaking">
       <Issue Certainty="95" Level="Error">Mark 'Setup.VS.ConfigurationManager.dll' with CLSCompliant(true) because it exposes externally visible types.</Issue>
      </Message>
     </Messages>
     <Namespaces>
      <Namespace Name="Microsoft.VS.ConfigurationManager">
       <Types>
        <Type Name="Bundle" Kind="Class" Accessibility="Public" ExternallyVisible="True">
         <Members>
          <Member Name="#.ctor(System.Guid,System.String,System.String,System.String,System.String,System.String,System.Boolean)" Kind="Method" Static="False" Accessibility="Public" ExternallyVisible="True">
           <Messages>
            <Message Id="path" TypeName="ReviewUnusedParameters" Category="Microsoft.Usage" CheckId="CA1801" Status="Active" Created="2016-05-04 17:30:41Z" FixCategory="DependsOnFix">
             <Issue Certainty="95" Level="Warning" Path="D:\A\_work\38\s\src\VS.ConfigurationManager" File="Bundle.cs" Line="99">Parameter 'path' of 'Bundle.Bundle(Guid, string, string, string, string, string, bool)' is never used. Remove the parameter or use it in the method body.</Issue>
            </Message>
            <Message Id="releasepdb" TypeName="ReviewUnusedParameters" Category="Microsoft.Usage" CheckId="CA1801" Status="Active" Created="2016-05-04 17:30:41Z" FixCategory="DependsOnFix">
             <Issue Certainty="95" Level="Warning" Path="D:\A\_work\38\s\src\VS.ConfigurationManager" File="Bundle.cs" Line="99">Parameter 'releasepdb' of 'Bundle.Bundle(Guid, string, string, string, string, string, bool)' is never used. Remove the parameter or use it in the method body.</Issue>
            </Message>
           </Messages>
          </Member>
          <Member Name="#.ctor(System.Guid,System.String,System.String,System.String,System.String,System.String,System.Boolean,System.Collections.Generic.ICollection`1&lt;Microsoft.VS.ConfigurationManager.Package&gt;)" Kind="Method" Static="False" Accessibility="Public" ExternallyVisible="True">
           <Messages>
            <Message Id="packages" TypeName="ReviewUnusedParameters" Category="Microsoft.Usage" CheckId="CA1801" Status="Active" Created="2016-05-04 17:30:41Z" FixCategory="DependsOnFix">
             <Issue Certainty="95" Level="Warning" Path="D:\A\_work\38\s\src\VS.ConfigurationManager" File="Bundle.cs" Line="83">Parameter 'packages' of 'Bundle.Bundle(Guid, string, string, string, string, string, bool, ICollection&lt;Package&gt;)' is never used. Remove the parameter or use it in the method body.</Issue>
            </Message>
            <Message Id="path" TypeName="ReviewUnusedParameters" Category="Microsoft.Usage" CheckId="CA1801" Status="Active" Created="2016-05-04 17:30:41Z" FixCategory="DependsOnFix">
             <Issue Certainty="95" Level="Warning" Path="D:\A\_work\38\s\src\VS.ConfigurationManager" File="Bundle.cs" Line="83">Parameter 'path' of 'Bundle.Bundle(Guid, string, string, string, string, string, bool, ICollection&lt;Package&gt;)' is never used. Remove the parameter or use it in the method body.</Issue>
            </Message>
            <Message Id="releasepdb" TypeName="ReviewUnusedParameters" Category="Microsoft.Usage" CheckId="CA1801" Status="Active" Created="2016-05-04 17:30:41Z" FixCategory="DependsOnFix">
             <Issue Certainty="95" Level="Warning" Path="D:\A\_work\38\s\src\VS.ConfigurationManager" File="Bundle.cs" Line="83">Parameter 'releasepdb' of 'Bundle.Bundle(Guid, string, string, string, string, string, bool, ICollection&lt;Package&gt;)' is never used. Remove the parameter or use it in the method body.</Issue>
            </Message>
           </Messages>
          </Member>
          <Member Name="#_installed" Kind="Field" Static="False" Accessibility="Private" ExternallyVisible="False">
           <Messages>
            <Message TypeName="AvoidUnusedPrivateFields" Category="Microsoft.Performance" CheckId="CA1823" Status="Active" Created="2016-05-04 17:30:41Z" FixCategory="NonBreaking">
             <Issue Certainty="75" Level="Warning">It appears that field 'Bundle._installed' is never used or is only ever assigned to. Use this field or remove it.</Issue>
            </Message>
           </Messages>
          </Member>
          <Member Name="#BundleUninstallArguments" Kind="Property" Static="False" Accessibility="Public" ExternallyVisible="True">
           <Messages>
            <Message TypeName="MarkMembersAsStatic" Category="Microsoft.Performance" CheckId="CA1822" Status="Active" Created="2016-05-04 17:30:41Z" FixCategory="DependsOnFix">
             <Issue Certainty="95" Level="Warning" Path="D:\A\_work\38\s\src\VS.ConfigurationManager" File="Bundle.cs" Line="126">The 'this' parameter (or 'Me' in Visual Basic) of 'Bundle.BundleUninstallArguments' is never used. Mark the member as static (or Shared in Visual Basic) or use 'this'/'Me' in the method body or at least one property accessor, if appropriate.</Issue>
            </Message>
           </Messages>
          </Member>
          <Member Name="#FileType" Kind="Property" Static="False" Accessibility="Assembly" ExternallyVisible="False">
           <Accessors>
            <Accessor Name="#get_FileType()" Kind="Method" Static="False" Accessibility="Assembly" ExternallyVisible="False">
             <Messages>
              <Message TypeName="AvoidUncalledPrivateCode" Category="Microsoft.Performance" CheckId="CA1811" Status="Active" Created="2016-05-04 17:30:41Z" FixCategory="NonBreaking">
               <Issue Certainty="75" Level="Warning" Path="D:\A\_work\38\s\src\VS.ConfigurationManager" File="Bundle.cs" Line="148">'Bundle.FileType.get()' appears to have no upstream public or protected callers.</Issue>
              </Message>
             </Messages>
            </Accessor>
           </Accessors>
          </Member>
          <Member Name="#Temp" Kind="Property" Static="False" Accessibility="Private" ExternallyVisible="False">
           <Messages>
            <Message TypeName="MarkMembersAsStatic" Category="Microsoft.Performance" CheckId="CA1822" Status="Active" Created="2016-05-04 17:30:41Z" FixCategory="NonBreaking">
             <Issue Certainty="95" Level="Warning" Path="D:\A\_work\38\s\src\VS.ConfigurationManager" File="Bundle.cs" Line="23">The 'this' parameter (or 'Me' in Visual Basic) of 'Bundle.Temp' is never used. Mark the member as static (or Shared in Visual Basic) or use 'this'/'Me' in the method body or at least one property accessor, if appropriate.</Issue>
            </Message>
           </Messages>
          </Member>
          <Member Name="#Uninstall()" Kind="Method" Static="False" Accessibility="Public" ExternallyVisible="True">
           <Messages>
            <Message TypeName="DoNotCatchGeneralExceptionTypes" Category="Microsoft.Design" CheckId="CA1031" Status="Active" Created="2016-05-04 17:30:41Z" FixCategory="NonBreaking">
             <Issue Certainty="95" Level="CriticalError" Path="D:\A\_work\38\s\src\VS.ConfigurationManager" File="Bundle.cs" Line="201">Modify 'Bundle.Uninstall()' to catch a more specific exception than 'Exception' or rethrow the exception.</Issue>
            </Message>
            <Message TypeName="SecurityRuleSetLevel2MethodsShouldNotBeProtectedWithLinkDemandsFxCopRule" Category="Microsoft.Security" CheckId="CA2135" Status="Active" Created="2016-05-04 17:30:41Z" FixCategory="NonBreaking">
             <Issue Certainty="50" Level="CriticalWarning" Path="D:\A\_work\38\s\src\VS.ConfigurationManager" File="Bundle.cs" Line="172">'Bundle.Uninstall()' is protected with a LinkDemand for 'PermissionSetAttribute'.  In the level 2 security rule set, it should be protected by being security critical instead.  Remove the LinkDemand and mark 'Bundle.Uninstall()' security critical.</Issue>
            </Message>
            <Message Id="System.String.Format(System.String,System.Object)" TypeName="SpecifyIFormatProvider" Category="Microsoft.Globalization" CheckId="CA1305" Status="Active" Created="2016-05-04 17:30:41Z" FixCategory="NonBreaking">
             <Issue Name="IFormatProviderAlternateString" Certainty="95" Level="Error" Path="D:\A\_work\38\s\src\VS.ConfigurationManager" File="Bundle.cs" Line="187">Because the behavior of 'string.Format(string, object)' could vary based on the current user's locale settings, replace this call in 'Bundle.Uninstall()' with a call to 'string.Format(IFormatProvider, string, params object[])'. If the result of 'string.Format(IFormatProvider, string, params object[])' will be displayed to the user, specify 'CultureInfo.CurrentCulture' as the 'IFormatProvider' parameter. Otherwise, if the result will be stored and accessed by software, such as when it is persisted to disk or to a database, specify 'CultureInfo.InvariantCulture'.</Issue>
            </Message>
           </Messages>
          </Member>
         </Members>
        </Type>
        <Type Name="BundlesAndPackagesStore" Kind="Class" Accessibility="Public" ExternallyVisible="True">
         <Members>
          <Member Name="#Bundles" Kind="Property" Static="False" Accessibility="Public" ExternallyVisible="True">
           <Messages>
            <Message TypeName="CollectionPropertiesShouldBeReadOnly" Category="Microsoft.Usage" CheckId="CA2227" Status="Active" Created="2016-05-04 17:30:41Z" FixCategory="Breaking">
             <Issue Certainty="75" Level="Warning" Path="D:\A\_work\38\s\src\VS.ConfigurationManager" File="BundlesAndPackagesStore.cs" Line="30">Change 'BundlesAndPackagesStore.Bundles' to be read-only by removing the property setter.</Issue>
            </Message>
            <Message TypeName="DoNotExposeGenericLists" Category="Microsoft.Design" CheckId="CA1002" Status="Active" Created="2016-05-04 17:30:41Z" FixCategory="Breaking">
             <Issue Certainty="95" Level="Error" Path="D:\A\_work\38\s\src\VS.ConfigurationManager" File="BundlesAndPackagesStore.cs" Line="30">Change 'List&lt;Bundle&gt;' in 'BundlesAndPackagesStore.Bundles' to use Collection&lt;T&gt;, ReadOnlyCollection&lt;T&gt; or KeyedCollection&lt;K,V&gt;</Issue>
            </Message>
           </Messages>
          </Member>
          <Member Name="#NoUpgradeCodeProductCodeHash" Kind="Property" Static="False" Accessibility="Public" ExternallyVisible="True">
           <Messages>
            <Message TypeName="CollectionPropertiesShouldBeReadOnly" Category="Microsoft.Usage" CheckId="CA2227" Status="Active" Created="2016-05-04 17:30:41Z" FixCategory="Breaking">
             <Issue Certainty="75" Level="Warning" Path="D:\A\_work\38\s\src\VS.ConfigurationManager" File="BundlesAndPackagesStore.cs" Line="23">Change 'BundlesAndPackagesStore.NoUpgradeCodeProductCodeHash' to be read-only by removing the property setter.</Issue>
            </Message>
           </Messages>
          </Member>
          <Member Name="#UpgradeCodeHash" Kind="Property" Static="False" Accessibility="Public" ExternallyVisible="True">
           <Messages>
            <Message TypeName="CollectionPropertiesShouldBeReadOnly" Category="Microsoft.Usage" CheckId="CA2227" Status="Active" Created="2016-05-04 17:30:41Z" FixCategory="Breaking">
             <Issue Certainty="75" Level="Warning" Path="D:\A\_work\38\s\src\VS.ConfigurationManager" File="BundlesAndPackagesStore.cs" Line="18">Change 'BundlesAndPackagesStore.UpgradeCodeHash' to be read-only by removing the property setter.</Issue>
            </Message>
           </Messages>
          </Member>
         </Members>
        </Type>
        <Type Name="Package" Kind="Class" Accessibility="Public" ExternallyVisible="True">
         <Members>
          <Member Name="#NormalizeProductName(System.String)" Kind="Method" Static="False" Accessibility="Private" ExternallyVisible="False">
           <Messages>
            <Message TypeName="MarkMembersAsStatic" Category="Microsoft.Performance" CheckId="CA1822" Status="Active" Created="2016-05-04 17:30:41Z" FixCategory="NonBreaking">
             <Issue Certainty="95" Level="Warning" Path="D:\A\_work\38\s\src\VS.ConfigurationManager" File="Package.cs" Line="260">The 'this' parameter (or 'Me' in Visual Basic) of 'Package.NormalizeProductName(string)' is never used. Mark the member as static (or Shared in Visual Basic) or use 'this'/'Me' in the method body or at least one property accessor, if appropriate.</Issue>
            </Message>
           </Messages>
          </Member>
          <Member Name="#Uninstall()" Kind="Method" Static="False" Accessibility="Public" ExternallyVisible="True">
           <Messages>
            <Message TypeName="SecurityRuleSetLevel2MethodsShouldNotBeProtectedWithLinkDemandsFxCopRule" Category="Microsoft.Security" CheckId="CA2135" Status="Active" Created="2016-05-04 17:30:41Z" FixCategory="NonBreaking">
             <Issue Certainty="50" Level="CriticalWarning" Path="D:\A\_work\38\s\src\VS.ConfigurationManager" File="Package.cs" Line="197">'Package.Uninstall()' is protected with a LinkDemand for 'PermissionSetAttribute'.  In the level 2 security rule set, it should be protected by being security critical instead.  Remove the LinkDemand and mark 'Package.Uninstall()' security critical.</Issue>
            </Message>
           </Messages>
          </Member>
         </Members>
        </Type>
        <Type Name="Primitives" Kind="Class" Accessibility="Public" ExternallyVisible="True">
         <Members>
          <Member Name="#CleanupSecondaryInstallerCache()" Kind="Method" Static="False" Accessibility="Public" ExternallyVisible="True">
           <Messages>
            <Message TypeName="DoNotCatchGeneralExceptionTypes" Category="Microsoft.Design" CheckId="CA1031" Status="Active" Created="2016-05-04 17:30:41Z" FixCategory="NonBreaking">
             <Issue Certainty="95" Level="CriticalError" Path="D:\A\_work\38\s\src\VS.ConfigurationManager" File="Primitives.cs" Line="251">Modify 'Primitives.CleanupSecondaryInstallerCache()' to catch a more specific exception than 'Exception' or rethrow the exception.</Issue>
            </Message>
            <Message Id="System.String.Format(System.String,System.Object)" TypeName="SpecifyIFormatProvider" Category="Microsoft.Globalization" CheckId="CA1305" Status="Active" Created="2016-05-04 17:30:41Z" FixCategory="NonBreaking">
             <Issue Name="IFormatProviderAlternateString" Certainty="95" Level="Error" Path="D:\A\_work\38\s\src\VS.ConfigurationManager" File="Primitives.cs" Line="247">Because the behavior of 'string.Format(string, object)' could vary based on the current user's locale settings, replace this call in 'Primitives.CleanupSecondaryInstallerCache()' with a call to 'string.Format(IFormatProvider, string, params object[])'. If the result of 'string.Format(IFormatProvider, string, params object[])' will be displayed to the user, specify 'CultureInfo.CurrentCulture' as the 'IFormatProvider' parameter. Otherwise, if the result will be stored and accessed by software, such as when it is persisted to disk or to a database, specify 'CultureInfo.InvariantCulture'.</Issue>
             <Issue Name="IFormatProviderAlternateString" Certainty="95" Level="Error" Path="D:\A\_work\38\s\src\VS.ConfigurationManager" File="Primitives.cs" Line="253">Because the behavior of 'string.Format(string, object)' could vary based on the current user's locale settings, replace this call in 'Primitives.CleanupSecondaryInstallerCache()' with a call to 'string.Format(IFormatProvider, string, params object[])'. If the result of 'string.Format(IFormatProvider, string, params object[])' will be displayed to the user, specify 'CultureInfo.CurrentCulture' as the 'IFormatProvider' parameter. Otherwise, if the result will be stored and accessed by software, such as when it is persisted to disk or to a database, specify 'CultureInfo.InvariantCulture'.</Issue>
            </Message>
           </Messages>
          </Member>
          <Member Name="#CleanupVisualStudioFolders(System.Collections.Generic.IEnumerable`1&lt;System.String&gt;)" Kind="Method" Static="False" Accessibility="Public" ExternallyVisible="True">
           <Messages>
            <Message TypeName="DoNotCatchGeneralExceptionTypes" Category="Microsoft.Design" CheckId="CA1031" Status="Active" Created="2016-05-04 17:30:41Z" FixCategory="NonBreaking">
             <Issue Certainty="95" Level="CriticalError" Path="D:\A\_work\38\s\src\VS.ConfigurationManager" File="Primitives.cs" Line="183">Modify 'Primitives.CleanupVisualStudioFolders(IEnumerable&lt;string&gt;)' to catch a more specific exception than 'Exception' or rethrow the exception.</Issue>
            </Message>
            <Message Id="System.String.Format(System.String,System.Object)" TypeName="SpecifyIFormatProvider" Category="Microsoft.Globalization" CheckId="CA1305" Status="Active" Created="2016-05-04 17:30:41Z" FixCategory="NonBreaking">
             <Issue Name="IFormatProviderAlternateString" Certainty="95" Level="Error" Path="D:\A\_work\38\s\src\VS.ConfigurationManager" File="Primitives.cs" Line="179">Because the behavior of 'string.Format(string, object)' could vary based on the current user's locale settings, replace this call in 'Primitives.CleanupVisualStudioFolders(IEnumerable&lt;string&gt;)' with a call to 'string.Format(IFormatProvider, string, params object[])'. If the result of 'string.Format(IFormatProvider, string, params object[])' will be displayed to the user, specify 'CultureInfo.CurrentCulture' as the 'IFormatProvider' parameter. Otherwise, if the result will be stored and accessed by software, such as when it is persisted to disk or to a database, specify 'CultureInfo.InvariantCulture'.</Issue>
             <Issue Name="IFormatProviderAlternateString" Certainty="95" Level="Error" Path="D:\A\_work\38\s\src\VS.ConfigurationManager" File="Primitives.cs" Line="185">Because the behavior of 'string.Format(string, object)' could vary based on the current user's locale settings, replace this call in 'Primitives.CleanupVisualStudioFolders(IEnumerable&lt;string&gt;)' with a call to 'string.Format(IFormatProvider, string, params object[])'. If the result of 'string.Format(IFormatProvider, string, params object[])' will be displayed to the user, specify 'CultureInfo.CurrentCulture' as the 'IFormatProvider' parameter. Otherwise, if the result will be stored and accessed by software, such as when it is persisted to disk or to a database, specify 'CultureInfo.InvariantCulture'.</Issue>
            </Message>
           </Messages>
          </Member>
          <Member Name="#CleanupVisualStudioRegistryHives()" Kind="Method" Static="False" Accessibility="Public" ExternallyVisible="True">
           <Messages>
            <Message Id="System.String.Format(System.String,System.Object)" TypeName="SpecifyIFormatProvider" Category="Microsoft.Globalization" CheckId="CA1305" Status="Active" Created="2016-05-04 17:30:41Z" FixCategory="NonBreaking">
             <Issue Name="IFormatProviderAlternateString" Certainty="95" Level="Error" Path="D:\A\_work\38\s\src\VS.ConfigurationManager" File="Primitives.cs" Line="209">Because the behavior of 'string.Format(string, object)' could vary based on the current user's locale settings, replace this call in 'Primitives.CleanupVisualStudioRegistryHives()' with a call to 'string.Format(IFormatProvider, string, params object[])'. If the result of 'string.Format(IFormatProvider, string, params object[])' will be displayed to the user, specify 'CultureInfo.CurrentCulture' as the 'IFormatProvider' parameter. Otherwise, if the result will be stored and accessed by software, such as when it is persisted to disk or to a database, specify 'CultureInfo.InvariantCulture'.</Issue>
            </Message>
           </Messages>
          </Member>
          <Member Name="#DeleteFileIfExists(System.String)" Kind="Method" Static="False" Accessibility="Private" ExternallyVisible="False">
           <Messages>
            <Message TypeName="MarkMembersAsStatic" Category="Microsoft.Performance" CheckId="CA1822" Status="Active" Created="2016-05-04 17:30:41Z" FixCategory="NonBreaking">
             <Issue Certainty="95" Level="Warning" Path="D:\A\_work\38\s\src\VS.ConfigurationManager" File="Primitives.cs" Line="288">The 'this' parameter (or 'Me' in Visual Basic) of 'Primitives.DeleteFileIfExists(string)' is never used. Mark the member as static (or Shared in Visual Basic) or use 'this'/'Me' in the method body or at least one property accessor, if appropriate.</Issue>
            </Message>
           </Messages>
          </Member>
          <Member Name="#DeleteRegistryKey(System.String)" Kind="Method" Static="False" Accessibility="Private" ExternallyVisible="False">
           <Messages>
            <Message TypeName="DoNotCatchGeneralExceptionTypes" Category="Microsoft.Design" CheckId="CA1031" Status="Active" Created="2016-05-04 17:30:41Z" FixCategory="NonBreaking">
             <Issue Certainty="95" Level="CriticalError" Path="D:\A\_work\38\s\src\VS.ConfigurationManager" File="Primitives.cs" Line="232">Modify 'Primitives.DeleteRegistryKey(string)' to catch a more specific exception than 'Exception' or rethrow the exception.</Issue>
            </Message>
            <Message TypeName="MarkMembersAsStatic" Category="Microsoft.Performance" CheckId="CA1822" Status="Active" Created="2016-05-04 17:30:41Z" FixCategory="NonBreaking">
             <Issue Certainty="95" Level="Warning" Path="D:\A\_work\38\s\src\VS.ConfigurationManager" File="Primitives.cs" Line="220">The 'this' parameter (or 'Me' in Visual Basic) of 'Primitives.DeleteRegistryKey(string)' is never used. Mark the member as static (or Shared in Visual Basic) or use 'this'/'Me' in the method body or at least one property accessor, if appropriate.</Issue>
            </Message>
            <Message Id="System.String.Format(System.String,System.Object)" TypeName="SpecifyIFormatProvider" Category="Microsoft.Globalization" CheckId="CA1305" Status="Active" Created="2016-05-04 17:30:41Z" FixCategory="NonBreaking">
             <Issue Name="IFormatProviderAlternateString" Certainty="95" Level="Error" Path="D:\A\_work\38\s\src\VS.ConfigurationManager" File="Primitives.cs" Line="234">Because the behavior of 'string.Format(string, object)' could vary based on the current user's locale settings, replace this call in 'Primitives.DeleteRegistryKey(string)' with a call to 'string.Format(IFormatProvider, string, params object[])'. If the result of 'string.Format(IFormatProvider, string, params object[])' will be displayed to the user, specify 'CultureInfo.CurrentCulture' as the 'IFormatProvider' parameter. Otherwise, if the result will be stored and accessed by software, such as when it is persisted to disk or to a database, specify 'CultureInfo.InvariantCulture'.</Issue>
            </Message>
           </Messages>
          </Member>
          <Member Name="#Dispose()" Kind="Method" Static="False" Accessibility="Public" ExternallyVisible="True">
           <Messages>
            <Message TypeName="ImplementIDisposableCorrectly" Category="Microsoft.Design" CheckId="CA1063" Status="Active" Created="2016-05-04 17:30:41Z" FixCategory="Breaking">
             <Issue Name="DisposeImplementation" Certainty="95" Level="Error" Path="D:\A\_work\38\s\src\VS.ConfigurationManager" File="Primitives.cs" Line="119">Modify 'Primitives.Dispose()' so that it calls Dispose(true), then calls GC.SuppressFinalize on the current object instance ('this' or 'Me' in Visual Basic), and then returns.</Issue>
            </Message>
           </Messages>
          </Member>
          <Member Name="#GetAllInstalledItems()" Kind="Method" Static="False" Accessibility="Public" ExternallyVisible="True">
           <Messages>
            <Message TypeName="DoNotCatchGeneralExceptionTypes" Category="Microsoft.Design" CheckId="CA1031" Status="Active" Created="2016-05-04 17:30:41Z" FixCategory="NonBreaking">
             <Issue Certainty="95" Level="CriticalError" Path="D:\A\_work\38\s\src\VS.ConfigurationManager" File="Primitives.cs" Line="161">Modify 'Primitives.GetAllInstalledItems()' to catch a more specific exception than 'Exception' or rethrow the exception.</Issue>
            </Message>
            <Message TypeName="Provide correct arguments to formatting methods" Category="Microsoft.Usage" CheckId="CA2241" Status="Active" Created="2016-05-04 17:30:41Z" FixCategory="DependsOnFix">
             <Issue Name="MissingFormatItem" Certainty="75" Level="Warning" Path="D:\A\_work\38\s\src\VS.ConfigurationManager" File="Primitives.cs" Line="136">Method 'Primitives.GetAllInstalledItems()' calls 'string.Format(IFormatProvider, string, params object[])' and does not provide a format item for argument "1". The provided format string is: '"Do we already have an object in memory?"'</Issue>
             <Issue Name="MissingFormatItem" Certainty="75" Level="Warning" Path="D:\A\_work\38\s\src\VS.ConfigurationManager" File="Primitives.cs" Line="131">Method 'Primitives.GetAllInstalledItems()' calls 'string.Format(IFormatProvider, string, params object[])' and does not provide a format item for argument "1". The provided format string is: '"Getting all installed items"'</Issue>
             <Issue Name="MissingFormatItem" Certainty="75" Level="Warning" Path="D:\A\_work\38\s\src\VS.ConfigurationManager" File="Primitives.cs" Line="139">Method 'Primitives.GetAllInstalledItems()' calls 'string.Format(IFormatProvider, string, params object[])' and does not provide a format item for argument "1". The provided format string is: '"No installpackages object found - creating"'</Issue>
            </Message>
            <Message TypeName="UsePropertiesWhereAppropriate" Category="Microsoft.Design" CheckId="CA1024" Status="Active" Created="2016-05-04 17:30:41Z" FixCategory="Breaking">
             <Issue Certainty="50" Level="Warning" Path="D:\A\_work\38\s\src\VS.ConfigurationManager" File="Primitives.cs" Line="131">Change 'Primitives.GetAllInstalledItems()' to a property if appropriate.</Issue>
            </Message>
           </Messages>
          </Member>
          <Member Name="#GetUniquePackages(System.Collections.Generic.HashSet`1&lt;System.String&gt;,System.Collections.Generic.HashSet`1&lt;System.String&gt;,Microsoft.Tools.WindowsInstallerXml.Table,Microsoft.Tools.WindowsInstallerXml.Table)" Kind="Method" Static="False" Accessibility="Private" ExternallyVisible="False">
           <Messages>
            <Message TypeName="AvoidExcessiveComplexity" Category="Microsoft.Maintainability" CheckId="CA1502" Status="Active" Created="2016-05-04 17:30:41Z" FixCategory="NonBreaking">
             <Issue Certainty="90" Level="Warning" Path="D:\A\_work\38\s\src\VS.ConfigurationManager" File="Primitives.cs" Line="698">'Primitives.GetUniquePackages(HashSet&lt;string&gt;, HashSet&lt;string&gt;, Table, Table)' has a cyclomatic complexity of 26. Rewrite or refactor the method to reduce complexity to 25.</Issue>
            </Message>
            <Message TypeName="DoNotCatchGeneralExceptionTypes" Category="Microsoft.Design" CheckId="CA1031" Status="Active" Created="2016-05-04 17:30:41Z" FixCategory="NonBreaking">
             <Issue Certainty="95" Level="CriticalError" Path="D:\A\_work\38\s\src\VS.ConfigurationManager" File="Primitives.cs" Line="789">Modify 'Primitives.GetUniquePackages(HashSet&lt;string&gt;, HashSet&lt;string&gt;, Table, Table)' to catch a more specific exception than 'Exception' or rethrow the exception.</Issue>
            </Message>
            <Message TypeName="MarkMembersAsStatic" Category="Microsoft.Performance" CheckId="CA1822" Status="Active" Created="2016-05-04 17:30:41Z" FixCategory="NonBreaking">
             <Issue Certainty="95" Level="Warning" Path="D:\A\_work\38\s\src\VS.ConfigurationManager" File="Primitives.cs" Line="698">The 'this' parameter (or 'Me' in Visual Basic) of 'Primitives.GetUniquePackages(HashSet&lt;string&gt;, HashSet&lt;string&gt;, Table, Table)' is never used. Mark the member as static (or Shared in Visual Basic) or use 'this'/'Me' in the method body or at least one property accessor, if appropriate.</Issue>
            </Message>
           </Messages>
          </Member>
          <Member Name="#GetUpgradeCode(System.String)" Kind="Method" Static="False" Accessibility="Private" ExternallyVisible="False">
           <Messages>
            <Message TypeName="DoNotCatchGeneralExceptionTypes" Category="Microsoft.Design" CheckId="CA1031" Status="Active" Created="2016-05-04 17:30:41Z" FixCategory="NonBreaking">
             <Issue Certainty="95" Level="CriticalError" Path="D:\A\_work\38\s\src\VS.ConfigurationManager" File="Primitives.cs" Line="343">Modify 'Primitives.GetUpgradeCode(string)' to catch a more specific exception than 'Exception' or rethrow the exception.</Issue>
            </Message>
            <Message TypeName="MarkMembersAsStatic" Category="Microsoft.Performance" CheckId="CA1822" Status="Active" Created="2016-05-04 17:30:41Z" FixCategory="NonBreaking">
             <Issue Certainty="95" Level="Warning" Path="D:\A\_work\38\s\src\VS.ConfigurationManager" File="Primitives.cs" Line="322">The 'this' parameter (or 'Me' in Visual Basic) of 'Primitives.GetUpgradeCode(string)' is never used. Mark the member as static (or Shared in Visual Basic) or use 'this'/'Me' in the method body or at least one property accessor, if appropriate.</Issue>
            </Message>
            <Message Id="System.String.Format(System.String,System.Object)" TypeName="SpecifyIFormatProvider" Category="Microsoft.Globalization" CheckId="CA1305" Status="Active" Created="2016-05-04 17:30:41Z" FixCategory="NonBreaking">
             <Issue Name="IFormatProviderAlternateString" Certainty="95" Level="Error" Path="D:\A\_work\38\s\src\VS.ConfigurationManager" File="Primitives.cs" Line="348">Because the behavior of 'string.Format(string, object)' could vary based on the current user's locale settings, replace this call in 'Primitives.GetUpgradeCode(string)' with a call to 'string.Format(IFormatProvider, string, params object[])'. If the result of 'string.Format(IFormatProvider, string, params object[])' will be displayed to the user, specify 'CultureInfo.CurrentCulture' as the 'IFormatProvider' parameter. Otherwise, if the result will be stored and accessed by software, such as when it is persisted to disk or to a database, specify 'CultureInfo.InvariantCulture'.</Issue>
            </Message>
           </Messages>
          </Member>
          <Member Name="#Initialize()" Kind="Method" Static="False" Accessibility="Public" ExternallyVisible="True">
           <Messages>
            <Message TypeName="DoNotCatchGeneralExceptionTypes" Category="Microsoft.Design" CheckId="CA1031" Status="Active" Created="2016-05-04 17:30:41Z" FixCategory="NonBreaking">
             <Issue Certainty="95" Level="CriticalError" Path="D:\A\_work\38\s\src\VS.ConfigurationManager" File="Primitives.cs" Line="368">Modify 'Primitives.Initialize()' to catch a more specific exception than 'Exception' or rethrow the exception.</Issue>
            </Message>
           </Messages>
          </Member>
          <Member Name="#InstalledVisualStudioReport()" Kind="Method" Static="False" Accessibility="Public" ExternallyVisible="True">
           <Messages>
            <Message Id="System.String.Format(System.String,System.Object,System.Object,System.Object)" TypeName="SpecifyIFormatProvider" Category="Microsoft.Globalization" CheckId="CA1305" Status="Active" Created="2016-05-04 17:30:41Z" FixCategory="NonBreaking">
             <Issue Name="IFormatProviderAlternateString" Certainty="95" Level="Error" Path="D:\A\_work\38\s\src\VS.ConfigurationManager" File="Primitives.cs" Line="526">Because the behavior of 'string.Format(string, object, object, object)' could vary based on the current user's locale settings, replace this call in 'Primitives.InstalledVisualStudioReport()' with a call to 'string.Format(IFormatProvider, string, params object[])'. If the result of 'string.Format(IFormatProvider, string, params object[])' will be displayed to the user, specify 'CultureInfo.CurrentCulture' as the 'IFormatProvider' parameter. Otherwise, if the result will be stored and accessed by software, such as when it is persisted to disk or to a database, specify 'CultureInfo.InvariantCulture'.</Issue>
            </Message>
            <Message Id="System.String.Format(System.String,System.Object[])" TypeName="SpecifyIFormatProvider" Category="Microsoft.Globalization" CheckId="CA1305" Status="Active" Created="2016-05-04 17:30:41Z" FixCategory="NonBreaking">
             <Issue Name="IFormatProviderAlternateString" Certainty="95" Level="Error" Path="D:\A\_work\38\s\src\VS.ConfigurationManager" File="Primitives.cs" Line="530">Because the behavior of 'string.Format(string, params object[])' could vary based on the current user's locale settings, replace this call in 'Primitives.InstalledVisualStudioReport()' with a call to 'string.Format(IFormatProvider, string, params object[])'. If the result of 'string.Format(IFormatProvider, string, params object[])' will be displayed to the user, specify 'CultureInfo.CurrentCulture' as the 'IFormatProvider' parameter. Otherwise, if the result will be stored and accessed by software, such as when it is persisted to disk or to a database, specify 'CultureInfo.InvariantCulture'.</Issue>
             <Issue Name="IFormatProviderAlternateString" Certainty="95" Level="Error" Path="D:\A\_work\38\s\src\VS.ConfigurationManager" File="Primitives.cs" Line="534">Because the behavior of 'string.Format(string, params object[])' could vary based on the current user's locale settings, replace this call in 'Primitives.InstalledVisualStudioReport()' with a call to 'string.Format(IFormatProvider, string, params object[])'. If the result of 'string.Format(IFormatProvider, string, params object[])' will be displayed to the user, specify 'CultureInfo.CurrentCulture' as the 'IFormatProvider' parameter. Otherwise, if the result will be stored and accessed by software, such as when it is persisted to disk or to a database, specify 'CultureInfo.InvariantCulture'.</Issue>
             <Issue Name="IFormatProviderAlternateString" Certainty="95" Level="Error" Path="D:\A\_work\38\s\src\VS.ConfigurationManager" File="Primitives.cs" Line="539">Because the behavior of 'string.Format(string, params object[])' could vary based on the current user's locale settings, replace this call in 'Primitives.InstalledVisualStudioReport()' with a call to 'string.Format(IFormatProvider, string, params object[])'. If the result of 'string.Format(IFormatProvider, string, params object[])' will be displayed to the user, specify 'CultureInfo.CurrentCulture' as the 'IFormatProvider' parameter. Otherwise, if the result will be stored and accessed by software, such as when it is persisted to disk or to a database, specify 'CultureInfo.InvariantCulture'.</Issue>
            </Message>
           </Messages>
          </Member>
          <Member Name="#LoadFromWixpdb(System.String)" Kind="Method" Static="False" Accessibility="Public" ExternallyVisible="True">
           <Messages>
            <Message TypeName="DoNotCatchGeneralExceptionTypes" Category="Microsoft.Design" CheckId="CA1031" Status="Active" Created="2016-05-04 17:30:41Z" FixCategory="NonBreaking">
             <Issue Certainty="95" Level="CriticalError" Path="D:\A\_work\38\s\src\VS.ConfigurationManager" File="Primitives.cs" Line="858">Modify 'Primitives.LoadFromWixpdb(string)' to catch a more specific exception than 'Exception' or rethrow the exception.</Issue>
            </Message>
           </Messages>
          </Member>
          <Member Name="#releaseoutput" Kind="Field" Static="False" Accessibility="Private" ExternallyVisible="False">
           <Messages>
            <Message TypeName="AvoidUnusedPrivateFields" Category="Microsoft.Performance" CheckId="CA1823" Status="Active" Created="2016-05-04 17:30:41Z" FixCategory="NonBreaking">
             <Issue Certainty="75" Level="Warning">It appears that field 'Primitives.releaseoutput' is never used or is only ever assigned to. Use this field or remove it.</Issue>
            </Message>
           </Messages>
          </Member>
          <Member Name="#SaveToDataFile()" Kind="Method" Static="False" Accessibility="Public" ExternallyVisible="True">
           <Messages>
            <Message Id="System.Console.WriteLine(System.String)" TypeName="Do not pass literals as localized parameters" Category="Microsoft.Globalization" CheckId="CA1303" Status="Active" Created="2016-05-04 17:30:41Z" FixCategory="DependsOnFix">
             <Issue Name="KnownValue" Certainty="75" Level="Warning" Path="D:\A\_work\38\s\src\VS.ConfigurationManager" File="Primitives.cs" Line="481">Method 'Primitives.SaveToDataFile()' passes a literal string as parameter 'value' of a call to 'Console.WriteLine(string)'. Retrieve the following string(s) from a resource table instead: "Failed to write data file to ,  reason: ".</Issue>
             <Issue Name="KnownValue" Certainty="75" Level="Warning" Path="D:\A\_work\38\s\src\VS.ConfigurationManager" File="Primitives.cs" Line="470">Method 'Primitives.SaveToDataFile()' passes a literal string as parameter 'value' of a call to 'Console.WriteLine(string)'. Retrieve the following string(s) from a resource table instead: "Writing data file to ".</Issue>
             <Issue Name="KnownValue" Certainty="75" Level="Warning" Path="D:\A\_work\38\s\src\VS.ConfigurationManager" File="Primitives.cs" Line="484">Method 'Primitives.SaveToDataFile()' passes a literal string as parameter 'value' of a call to 'Console.WriteLine(string)'. Retrieve the following string(s) from a resource table instead: "Writing data file to , , completed. ".</Issue>
            </Message>
            <Message TypeName="DoNotCatchGeneralExceptionTypes" Category="Microsoft.Design" CheckId="CA1031" Status="Active" Created="2016-05-04 17:30:41Z" FixCategory="NonBreaking">
             <Issue Certainty="95" Level="CriticalError" Path="D:\A\_work\38\s\src\VS.ConfigurationManager" File="Primitives.cs" Line="479">Modify 'Primitives.SaveToDataFile()' to catch a more specific exception than 'Exception' or rethrow the exception.</Issue>
            </Message>
            <Message Id="System.String.Format(System.String,System.Object)" TypeName="SpecifyIFormatProvider" Category="Microsoft.Globalization" CheckId="CA1305" Status="Active" Created="2016-05-04 17:30:41Z" FixCategory="NonBreaking">
             <Issue Name="IFormatProviderAlternateString" Certainty="95" Level="Error" Path="D:\A\_work\38\s\src\VS.ConfigurationManager" File="Primitives.cs" Line="484">Because the behavior of 'string.Format(string, object)' could vary based on the current user's locale settings, replace this call in 'Primitives.SaveToDataFile()' with a call to 'string.Format(IFormatProvider, string, params object[])'. If the result of 'string.Format(IFormatProvider, string, params object[])' will be displayed to the user, specify 'CultureInfo.CurrentCulture' as the 'IFormatProvider' parameter. Otherwise, if the result will be stored and accessed by software, such as when it is persisted to disk or to a database, specify 'CultureInfo.InvariantCulture'.</Issue>
            </Message>
           </Messages>
          </Member>
          <Member Name="#Uninstall()" Kind="Method" Static="False" Accessibility="Public" ExternallyVisible="True">
           <Messages>
            <Message TypeName="DoNotCatchGeneralExceptionTypes" Category="Microsoft.Design" CheckId="CA1031" Status="Active" Created="2016-05-04 17:30:41Z" FixCategory="NonBreaking">
             <Issue Certainty="95" Level="CriticalError" Path="D:\A\_work\38\s\src\VS.ConfigurationManager" File="Primitives.cs" Line="577">Modify 'Primitives.Uninstall()' to catch a more specific exception than 'Exception' or rethrow the exception.</Issue>
             <Issue Certainty="95" Level="CriticalError" Path="D:\A\_work\38\s\src\VS.ConfigurationManager" File="Primitives.cs" Line="624">Modify 'Primitives.Uninstall()' to catch a more specific exception than 'Exception' or rethrow the exception.</Issue>
            </Message>
            <Message TypeName="NormalizeStringsToUppercase" Category="Microsoft.Globalization" CheckId="CA1308" Status="Active" Created="2016-05-04 17:30:41Z" FixCategory="NonBreaking">
             <Issue Name="ToUpperInvariant" Certainty="90" Level="Error" Path="D:\A\_work\38\s\src\VS.ConfigurationManager" File="Primitives.cs" Line="554">In method 'Primitives.Uninstall()', replace the call to 'string.ToLowerInvariant()' with String.ToUpperInvariant().</Issue>
             <Issue Name="ToUpperInvariant" Certainty="90" Level="Error" Path="D:\A\_work\38\s\src\VS.ConfigurationManager" File="Primitives.cs" Line="562">In method 'Primitives.Uninstall()', replace the call to 'string.ToLowerInvariant()' with String.ToUpperInvariant().</Issue>
            </Message>
            <Message Id="System.String.Format(System.String,System.Object)" TypeName="SpecifyIFormatProvider" Category="Microsoft.Globalization" CheckId="CA1305" Status="Active" Created="2016-05-04 17:30:41Z" FixCategory="NonBreaking">
             <Issue Name="IFormatProviderAlternateString" Certainty="95" Level="Error" Path="D:\A\_work\38\s\src\VS.ConfigurationManager" File="Primitives.cs" Line="611">Because the behavior of 'string.Format(string, object)' could vary based on the current user's locale settings, replace this call in 'Primitives.Uninstall()' with a call to 'string.Format(IFormatProvider, string, params object[])'. If the result of 'string.Format(IFormatProvider, string, params object[])' will be displayed to the user, specify 'CultureInfo.CurrentCulture' as the 'IFormatProvider' parameter. Otherwise, if the result will be stored and accessed by software, such as when it is persisted to disk or to a database, specify 'CultureInfo.InvariantCulture'.</Issue>
            </Message>
            <Message Id="System.String.Format(System.String,System.Object,System.Object)" TypeName="SpecifyIFormatProvider" Category="Microsoft.Globalization" CheckId="CA1305" Status="Active" Created="2016-05-04 17:30:41Z" FixCategory="NonBreaking">
             <Issue Name="IFormatProviderAlternateString" Certainty="95" Level="Error" Path="D:\A\_work\38\s\src\VS.ConfigurationManager" File="Primitives.cs" Line="579">Because the behavior of 'string.Format(string, object, object)' could vary based on the current user's locale settings, replace this call in 'Primitives.Uninstall()' with a call to 'string.Format(IFormatProvider, string, params object[])'. If the result of 'string.Format(IFormatProvider, string, params object[])' will be displayed to the user, specify 'CultureInfo.CurrentCulture' as the 'IFormatProvider' parameter. Otherwise, if the result will be stored and accessed by software, such as when it is persisted to disk or to a database, specify 'CultureInfo.InvariantCulture'.</Issue>
             <Issue Name="IFormatProviderAlternateString" Certainty="95" Level="Error" Path="D:\A\_work\38\s\src\VS.ConfigurationManager" File="Primitives.cs" Line="583">Because the behavior of 'string.Format(string, object, object)' could vary based on the current user's locale settings, replace this call in 'Primitives.Uninstall()' with a call to 'string.Format(IFormatProvider, string, params object[])'. If the result of 'string.Format(IFormatProvider, string, params object[])' will be displayed to the user, specify 'CultureInfo.CurrentCulture' as the 'IFormatProvider' parameter. Otherwise, if the result will be stored and accessed by software, such as when it is persisted to disk or to a database, specify 'CultureInfo.InvariantCulture'.</Issue>
             <Issue Name="IFormatProviderAlternateString" Certainty="95" Level="Error" Path="D:\A\_work\38\s\src\VS.ConfigurationManager" File="Primitives.cs" Line="626">Because the behavior of 'string.Format(string, object, object)' could vary based on the current user's locale settings, replace this call in 'Primitives.Uninstall()' with a call to 'string.Format(IFormatProvider, string, params object[])'. If the result of 'string.Format(IFormatProvider, string, params object[])' will be displayed to the user, specify 'CultureInfo.CurrentCulture' as the 'IFormatProvider' parameter. Otherwise, if the result will be stored and accessed by software, such as when it is persisted to disk or to a database, specify 'CultureInfo.InvariantCulture'.</Issue>
            </Message>
            <Message Id="System.String.Format(System.String,System.Object[])" TypeName="SpecifyIFormatProvider" Category="Microsoft.Globalization" CheckId="CA1305" Status="Active" Created="2016-05-04 17:30:41Z" FixCategory="NonBreaking">
             <Issue Name="IFormatProviderAlternateString" Certainty="95" Level="Error" Path="D:\A\_work\38\s\src\VS.ConfigurationManager" File="Primitives.cs" Line="631">Because the behavior of 'string.Format(string, params object[])' could vary based on the current user's locale settings, replace this call in 'Primitives.Uninstall()' with a call to 'string.Format(IFormatProvider, string, params object[])'. If the result of 'string.Format(IFormatProvider, string, params object[])' will be displayed to the user, specify 'CultureInfo.CurrentCulture' as the 'IFormatProvider' parameter. Otherwise, if the result will be stored and accessed by software, such as when it is persisted to disk or to a database, specify 'CultureInfo.InvariantCulture'.</Issue>
            </Message>
           </Messages>
          </Member>
          <Member Name="#Uninstall(Microsoft.VS.ConfigurationManager.Package)" Kind="Method" Static="False" Accessibility="Public" ExternallyVisible="True">
           <Messages>
            <Message TypeName="DoNotCatchGeneralExceptionTypes" Category="Microsoft.Design" CheckId="CA1031" Status="Active" Created="2016-05-04 17:30:41Z" FixCategory="NonBreaking">
             <Issue Certainty="95" Level="CriticalError" Path="D:\A\_work\38\s\src\VS.ConfigurationManager" File="Primitives.cs" Line="513">Modify 'Primitives.Uninstall(Package)' to catch a more specific exception than 'Exception' or rethrow the exception.</Issue>
            </Message>
            <Message TypeName="SecurityRuleSetLevel2MethodsShouldNotBeProtectedWithLinkDemandsFxCopRule" Category="Microsoft.Security" CheckId="CA2135" Status="Active" Created="2016-05-04 17:30:41Z" FixCategory="NonBreaking">
             <Issue Certainty="50" Level="CriticalWarning" Path="D:\A\_work\38\s\src\VS.ConfigurationManager" File="Primitives.cs" Line="495">'Primitives.Uninstall(Package)' is protected with a LinkDemand for 'PermissionSetAttribute'.  In the level 2 security rule set, it should be protected by being security critical instead.  Remove the LinkDemand and mark 'Primitives.Uninstall(Package)' security critical.</Issue>
            </Message>
           </Messages>
          </Member>
         </Members>
        </Type>
        <Type Name="UninstallAction" Kind="Class" Accessibility="Public" ExternallyVisible="True">
         <Members>
          <Member Name="#Architectures" Kind="Property" Static="False" Accessibility="Public" ExternallyVisible="True">
           <Messages>
            <Message TypeName="CollectionPropertiesShouldBeReadOnly" Category="Microsoft.Usage" CheckId="CA2227" Status="Active" Created="2016-05-04 17:30:41Z" FixCategory="Breaking">
             <Issue Certainty="75" Level="Warning" Path="D:\A\_work\38\s\src\VS.ConfigurationManager" File="UninstallAction.cs" Line="130">Change 'UninstallAction.Architectures' to be read-only by removing the property setter.</Issue>
            </Message>
           </Messages>
          </Member>
          <Member Name="#OS" Kind="Property" Static="False" Accessibility="Public" ExternallyVisible="True">
           <Messages>
            <Message TypeName="CollectionPropertiesShouldBeReadOnly" Category="Microsoft.Usage" CheckId="CA2227" Status="Active" Created="2016-05-04 17:30:41Z" FixCategory="Breaking">
             <Issue Certainty="75" Level="Warning" Path="D:\A\_work\38\s\src\VS.ConfigurationManager" File="UninstallAction.cs" Line="135">Change 'UninstallAction.OS' to be read-only by removing the property setter.</Issue>
            </Message>
           </Messages>
          </Member>
         </Members>
        </Type>
       </Types>
      </Namespace>
     </Namespaces>
    </Module>
   </Modules>
  </Target>
 </Targets>
 <Rules>
  <Rule TypeName="AvoidExcessiveComplexity" Category="Microsoft.Maintainability" CheckId="CA1502">
   <Name>Avoid excessive complexity</Name>
   <Description>Method implementations that are exceedingly complex increase the challenge of understanding and maintaining code.</Description>
   <Resolution Name="Default">{0} has a cyclomatic complexity of {1}. Rewrite or refactor the method to reduce complexity to {2}.</Resolution>
   <Owner />
   <Url>http://msdn.microsoft.com/library/ms182212.aspx</Url>
   <Email>[none]</Email>
   <MessageLevel Certainty="90">Warning</MessageLevel>
   <File Name="maintainabilityrules.dll" Version="14.0.0.0" />
  </Rule>
  <Rule TypeName="AvoidUncalledPrivateCode" Category="Microsoft.Performance" CheckId="CA1811">
   <Name>Avoid uncalled private code</Name>
   <Description>There is uncalled code that is not externally visible and is not a known runtime entry point. If this violation fires in error, please send a problem report to the Visual Studio Code Analysis team.</Description>
   <Resolution Name="Default">{0} appears to have no upstream public or protected callers.</Resolution>
   <Owner />
   <Url>http://msdn.microsoft.com/library/ms182264.aspx</Url>
   <Email>[none]</Email>
   <MessageLevel Certainty="75">Warning</MessageLevel>
   <File Name="performancerules.dll" Version="14.0.0.0" />
  </Rule>
  <Rule TypeName="AvoidUnusedPrivateFields" Category="Microsoft.Performance" CheckId="CA1823">
   <Name>Avoid unused private fields</Name>
   <Description>Private fields were detected that do not appear to be accessed within the assembly. If this violation fires in error, please send a problem report to the Visual Studio Code Analysis team.</Description>
   <Resolution Name="Default">It appears that field {0} is never used or is only ever assigned to. Use this field or remove it.</Resolution>
   <Owner />
   <Url>http://msdn.microsoft.com/library/ms245042.aspx</Url>
   <Email>[none]</Email>
   <MessageLevel Certainty="75">Warning</MessageLevel>
   <File Name="performancerules.dll" Version="14.0.0.0" />
  </Rule>
  <Rule TypeName="CollectionPropertiesShouldBeReadOnly" Category="Microsoft.Usage" CheckId="CA2227">
   <Name>Collection properties should be read only</Name>
   <Description>Properties that return collections should be read-only so that users cannot entirely replace the backing store. Users can still modify the contents of the collection by calling relevant methods on the collection. Note that the XmlSerializer class has special support for deserializing read-only collections. See the XmlSerializer overview for more information.</Description>
   <Resolution Name="Default">Change {0} to be read-only by removing the property setter.</Resolution>
   <Owner />
   <Url>http://msdn.microsoft.com/library/ms182327.aspx</Url>
   <Email>[none]</Email>
   <MessageLevel Certainty="75">Warning</MessageLevel>
   <File Name="usagerules.dll" Version="14.0.0.0" />
  </Rule>
  <Rule TypeName="Do not pass literals as localized parameters" Category="Microsoft.Globalization" CheckId="CA1303">
   <Name>Do not pass literals as localized parameters</Name>
   <Description>Literal strings that are embedded in source code are difficult to localize. Avoid passing literal strings as arguments in circumstances where a localized string is generally expected.</Description>
   <Resolution Name="KnownValue">Method {0} passes a literal string as parameter '{1}' of a call to {2}. Retrieve the following string(s) from a resource table instead: {3}.</Resolution>
   <Owner>RuleOwner</Owner>
   <Url>http://msdn.microsoft.com/library/ms182187.aspx</Url>
   <Email />
   <MessageLevel Certainty="75">Warning</MessageLevel>
   <File Name="dataflowrules.dll" Version="14.0.0.0" />
  </Rule>
  <Rule TypeName="DoNotCatchGeneralExceptionTypes" Category="Microsoft.Design" CheckId="CA1031">
   <Name>Do not catch general exception types</Name>
   <Description>You should not catch Exception or SystemException. Catching generic exception types can hide run-time problems from the library user, and can complicate debugging. You should catch only those exceptions that you can handle gracefully.</Description>
   <Resolution Name="Default">Modify {0} to catch a more specific exception than {1} or rethrow the exception.</Resolution>
   <Owner />
   <Url>http://msdn.microsoft.com/library/ms182137.aspx</Url>
   <Email>[none]</Email>
   <MessageLevel Certainty="95">CriticalError</MessageLevel>
   <File Name="designrules.dll" Version="14.0.0.0" />
  </Rule>
  <Rule TypeName="DoNotExposeGenericLists" Category="Microsoft.Design" CheckId="CA1002">
   <Name>Do not expose generic lists</Name>
   <Description>Do not expose List&lt;T&gt; in object models. Use Collection&lt;T&gt;, ReadOnlyCollection&lt;T&gt; or KeyedCollection&lt;K,V&gt; instead. List&lt;T&gt; is meant to be used from implementation, not in object model API. List&lt;T&gt; is optimized for performance at the cost of long term versioning. For example, if you return List&lt;T&gt; to the client code, you will not ever be able to receive notifications when client code modifies the collection.</Description>
   <Resolution Name="Default">Change {0} in {1} to use Collection&lt;T&gt;, ReadOnlyCollection&lt;T&gt; or KeyedCollection&lt;K,V&gt;</Resolution>
   <Owner />
   <Url>http://msdn.microsoft.com/library/ms182142.aspx</Url>
   <Email>[none]</Email>
   <MessageLevel Certainty="95">Error</MessageLevel>
   <File Name="designrules.dll" Version="14.0.0.0" />
  </Rule>
  <Rule TypeName="ImplementIDisposableCorrectly" Category="Microsoft.Design" CheckId="CA1063">
   <Name>Implement IDisposable correctly</Name>
   <Description>All IDisposable types should implement the Dispose pattern correctly.</Description>
   <Resolution Name="DisposeImplementation">Modify {0} so that it calls Dispose(true), then calls GC.SuppressFinalize on the current object instance ('this' or 'Me' in Visual Basic), and then returns.</Resolution>
   <Owner />
   <Url>http://msdn.microsoft.com/library/ms244737.aspx</Url>
   <Email>[none]</Email>
   <MessageLevel Certainty="95">Error</MessageLevel>
   <File Name="designrules.dll" Version="14.0.0.0" />
  </Rule>
  <Rule TypeName="MarkAssembliesWithClsCompliant" Category="Microsoft.Design" CheckId="CA1014">
   <Name>Mark assemblies with CLSCompliantAttribute</Name>
   <Description>Assemblies should explicitly state their CLS compliance using the CLSCompliant attribute. An assembly without this attribute is not CLS-compliant. Assemblies, modules, and types can be CLS-compliant even if some parts of the assembly, module, or type are not CLS-compliant. The following rules apply: 1) If the element is marked CLSCompliant, any noncompliant members must have the CLSCompliant attribute present with its argument set to false. 2) A comparable CLS-compliant alternative member must be supplied for each member that is not CLS-compliant.</Description>
   <Resolution Name="Default">Mark {0} with CLSCompliant(true) because it exposes externally visible types.</Resolution>
   <Owner />
   <Url>http://msdn.microsoft.com/library/ms182156.aspx</Url>
   <Email>[none]</Email>
   <MessageLevel Certainty="95">Error</MessageLevel>
   <File Name="designrules.dll" Version="14.0.0.0" />
  </Rule>
  <Rule TypeName="MarkMembersAsStatic" Category="Microsoft.Performance" CheckId="CA1822">
   <Name>Mark members as static</Name>
   <Description>Methods which do not access instance data or call instance methods can be marked as static (Shared in Visual Basic). After doing so, the compiler will emit non-virtual call sites to these members which will prevent a check at runtime for each call that ensures the current object pointer is non-null. This can result in a measurable performance gain for performance-sensitive code. In some cases, the failure to access the current object instance represents a correctness issue.</Description>
   <Resolution Name="Default">The 'this' parameter (or 'Me' in Visual Basic) of {0} is never used. Mark the member as static (or Shared in Visual Basic) or use 'this'/'Me' in the method body or at least one property accessor, if appropriate.</Resolution>
   <Owner />
   <Url>http://msdn.microsoft.com/library/ms245046.aspx</Url>
   <Email>[none]</Email>
   <MessageLevel Certainty="95">Warning</MessageLevel>
   <File Name="performancerules.dll" Version="14.0.0.0" />
  </Rule>
  <Rule TypeName="NormalizeStringsToUppercase" Category="Microsoft.Globalization" CheckId="CA1308">
   <Name>Normalize strings to uppercase</Name>
   <Description>Strings should be normalized to upper-case.</Description>
   <Resolution Name="ToUpperInvariant">In method {0}, replace the call to {1} with String.ToUpperInvariant().</Resolution>
   <Owner />
   <Url>http://msdn.microsoft.com/library/bb386042.aspx</Url>
   <Email>[none]</Email>
   <MessageLevel Certainty="90">Error</MessageLevel>
   <File Name="globalizationrules.dll" Version="14.0.0.0" />
  </Rule>
  <Rule TypeName="Provide correct arguments to formatting methods" Category="Microsoft.Usage" CheckId="CA2241">
   <Name>Provide correct arguments to formatting methods</Name>
   <Description>Provide the correct number of arguments to String.Format calls.</Description>
   <Resolution Name="MissingFormatItem">Method {0} calls {1} and does not provide a format item for argument {2}. The provided format string is: '{3}'</Resolution>
   <Owner>RuleOwner</Owner>
   <Url>http://msdn.microsoft.com/library/ms182361.aspx</Url>
   <Email />
   <MessageLevel Certainty="75">Warning</MessageLevel>
   <File Name="dataflowrules.dll" Version="14.0.0.0" />
  </Rule>
  <Rule TypeName="ReviewUnusedParameters" Category="Microsoft.Usage" CheckId="CA1801">
   <Name>Review unused parameters</Name>
   <Description>Review parameters in non-virtual methods that are not used in the method body to ensure no correctness exists around failure to access them. Unused parameters incur maintenance and performance costs. Sometimes a violation of this rule can point to an implementation bug in the method (i.e. the parameter should actually have been used in the method body). Exclude warnings of this rule if the parameter has to exist because of backward compatibility.</Description>
   <Resolution Name="Default">Parameter {0} of {1} is never used. Remove the parameter or use it in the method body.</Resolution>
   <Owner />
   <Url>http://msdn.microsoft.com/library/ms182268.aspx</Url>
   <Email>[none]</Email>
   <MessageLevel Certainty="95">Warning</MessageLevel>
   <File Name="usagerules.dll" Version="14.0.0.0" />
  </Rule>
  <Rule TypeName="SecurityRuleSetLevel2MethodsShouldNotBeProtectedWithLinkDemandsFxCopRule" Category="Microsoft.Security" CheckId="CA2135">
   <Name>Level 2 assemblies should not contain LinkDemands</Name>
   <Description>LinkDemands are deprecated in the level 2 security rule set.  Instead of using LinkDemands to enforce JIT time security, SecurityCritical methods, types, and fields should be used instead.</Description>
   <Resolution Name="Default">{0} is protected with a LinkDemand for {1}.  In the level 2 security rule set, it should be protected by being security critical instead.  Remove the LinkDemand and mark {0} security critical.</Resolution>
   <Owner />
   <Url>http://msdn.microsoft.com/library/dd997569(VS.100).aspx</Url>
   <Email>[none]</Email>
   <MessageLevel Certainty="50">CriticalWarning</MessageLevel>
   <File Name="securitytransparencyrules.dll" Version="4.0.0.0" />
  </Rule>
  <Rule TypeName="SpecifyIFormatProvider" Category="Microsoft.Globalization" CheckId="CA1305">
   <Name>Specify IFormatProvider</Name>
   <Description>If an overload exists that takes an IFormatProvider argument, it should always be called in favor of an overload that does not. Some methods in the runtime convert a value to or from a string representation and take a string parameter that contains one or more characters, called format specifiers, which indicate how the value is to be converted. If the meaning of the format specifier varies by culture, a formatting object supplies the actual characters used in the string representation. In scenarios where sorting and comparison behavior should never change between cultures, specify CultureInfo.InvariantCulture, otherwise, specify CultureInfo.CurrentCulture.</Description>
   <Resolution Name="IFormatProviderAlternateString">Because the behavior of {0} could vary based on the current user's locale settings, replace this call in {1} with a call to {2}. If the result of {2} will be displayed to the user, specify {3} as the 'IFormatProvider' parameter. Otherwise, if the result will be stored and accessed by software, such as when it is persisted to disk or to a database, specify {4}.</Resolution>
   <Owner />
   <Url>http://msdn.microsoft.com/library/ms182190.aspx</Url>
   <Email>[none]</Email>
   <MessageLevel Certainty="95">Error</MessageLevel>
   <File Name="globalizationrules.dll" Version="14.0.0.0" />
  </Rule>
  <Rule TypeName="UsePropertiesWhereAppropriate" Category="Microsoft.Design" CheckId="CA1024">
   <Name>Use properties where appropriate</Name>
   <Description>Properties should be used instead of Get/Set methods in most situations. Methods are preferable to properties in the following situations: the operation is a conversion, is expensive or has an observable side-effect; the order of execution is important; calling the member twice in succession creates different results; a member is static but returns a mutable value; or the member returns an array.</Description>
   <Resolution Name="Default">Change {0} to a property if appropriate.</Resolution>
   <Owner />
   <Url>http://msdn.microsoft.com/library/ms182181.aspx</Url>
   <Email>[none]</Email>
   <MessageLevel Certainty="75">Warning</MessageLevel>
   <File Name="designrules.dll" Version="14.0.0.0" />
  </Rule>
 </Rules>
 <Localized>
  <String Key="Category">Category</String>
  <String Key="Certainty">Certainty</String>
  <String Key="CollapseAll">Collapse All</String>
  <String Key="CheckId">Check Id</String>
  <String Key="Error">Error</String>
  <String Key="Errors">error(s)</String>
  <String Key="ExpandAll">Expand All</String>
  <String Key="Help">Help</String>
  <String Key="Line">Line</String>
  <String Key="Messages">message(s)</String>
  <String Key="LocationNotStoredInPdb">[Location not stored in Pdb]</String>
  <String Key="Project">Project</String>
  <String Key="Resolution">Resolution</String>
  <String Key="Rule">Rule</String>
  <String Key="RuleFile">Rule File</String>
  <String Key="RuleDescription">Rule Description</String>
  <String Key="Source">Source</String>
  <String Key="Status">Status</String>
  <String Key="Target">Target</String>
  <String Key="Warning">Warning</String>
  <String Key="Warnings">warning(s)</String>
  <String Key="ReportTitle">Code Analysis Report</String>
 </Localized>
</FxCopReport>
